Sensor Position 	Cp for -6.0°           	Cp for -5.0°          	Cp for -4.0°          	Cp for -3.0°          	Cp for -2.0°          	Cp for -1.0°          	Cp for 0.0°           	Cp for 1.0°           	Cp for 2.0°            	Cp for 3.0°           	Cp for 4.0°           	Cp for 5.0°          	Cp for 6.0°           	Cp for 7.0°           	Cp for 8.0°           	Cp for 9.0°          	Cp for 9.34°         	Cp for 10.0°          	Cp for 10.5°         	Cp for 11.0°          	Cp for 11.5°          	Cp for 12.0°         	Cp for 12.5°         	Cp for 13.0°         	Cp for 13.5°         	Cp for 14.0°         	Cp for 14.5°          	Cp for 15.0°          	Cp for 15.5°          	Cp for 16.0°           	Cp for 9.5°
        0       	                       	                      	                      	                      	                      	                      	                      	                      	                       	                      	                      	                     	                      	                      	                      	                     	                     	                      	                     	                      	                      	                     	                     	                     	                     	                     	                      	                      	                      	                       	
        0.35626 	                       	                      	                      	                      	                      	                      	                      	                      	                       	                      	                      	                     	                      	                      	                      	                     	                     	                      	                     	                      	                      	                     	                     	                     	                     	                     	                      	                      	                      	                       	
        1.33331 	                       	                      	                      	                      	                      	                      	                      	                      	                       	                      	                      	                     	                      	                      	                      	                     	                     	                      	                     	                      	                      	                     	                     	                     	                     	                     	                      	                      	                      	                       	
        3.66108 	                       	                      	                      	                      	                      	                      	                      	                      	                       	                      	                      	                     	                      	                      	                      	                     	                     	                      	                     	                      	                      	                     	                     	                     	                     	                     	                      	                      	                      	                       	
        7.2922  	                       	                      	                      	                      	                      	                      	                      	                      	                       	                      	                      	                     	                      	                      	                      	                     	                     	                      	                     	                      	                      	                     	                     	                     	                     	                     	                      	                      	                      	                       	
       11.35604 	                       	                      	                      	                      	                      	                      	                      	                      	                       	                      	                      	                     	                      	                      	                      	                     	                     	                      	                     	                      	                      	                     	                     	                     	                     	                     	                      	                      	                      	                       	
       15.59135 	-0.6755393491555066    	-0.35346534678500807  	-0.040326262179550126 	0.30223848493210836   	0.6374468164172167    	0.8862247100551651    	0.9976729176444389    	1.0380885290016395    	0.997792049881306      	0.7853494884878562    	0.3858693152128888    	-0.1857271572759783  	-0.9409957559548643   	-1.8507490827913031   	-2.8655472594854032   	-3.895236965787904   	-4.214600709769674   	-4.675225503616736    	-5.126170803218338   	-4.8077899001907225   	-5.456941458880142    	-6.12083563188188    	-6.315050961034647   	-6.024576784493175   	-5.4974762024742105  	-5.032056336093243   	-4.424064965241444    	-1.3926558489776693   	-1.2800163190197233   	-1.1949856849557532    	-4.34773098446878
       19.91328 	0.7930037347065744     	0.8336278274782924    	0.8522720225480108    	0.8408651108679754    	0.8123627231974958    	0.7333780501545365    	0.5936061532500839    	0.3880136954764986    	0.15296579213749592    	-0.10712966400283738  	-0.42819104235996475  	-0.7735851800972194  	-1.1893864698229946   	-1.6215982251772274   	-2.0744198575094877   	-2.4687177784807313  	-2.5409416970814767  	-2.629814345784414    	-2.8893141407404115  	-3.320096309252238    	-3.7459642729932923   	-4.102378142640764   	-4.150984095282585   	-4.095468472902465   	-3.953552195734403   	-3.779499997671411   	-3.412602491179625    	-0.9411744543101651   	-0.7387092177543441   	-0.6000690771001299    	-2.566287080474975
       24.28443 	1.0433899135422302     	0.9962433308020323    	0.9285762202614578    	0.8280881784639674    	0.7105046606760325    	0.5635252634411138    	0.37368804399321676   	0.1363170620353035    	-0.090927679788897     	-0.3553714625748834   	-0.6620178402710785   	-0.974918660402802   	-1.305957363597558    	-1.6898907799613547   	-2.0763855394177964   	-2.44861421350939    	-2.6418169186487854  	-2.9850666761224303   	-3.3896397525234705  	-3.5966617971394625   	-3.0899626106840077   	-2.9680009831912026  	-3.312412279974303   	-3.7073952113075332  	-3.9268070085577147  	-3.9282068123409046  	-3.8558637615032922   	-1.1642793509032303   	-0.9293505798010948   	-0.7036247739969511    	-2.723541633139691
       28.68627 	0.7056202389644768     	0.6062043872987912    	0.5000873473093251    	0.38345688741632783   	0.266320115516645     	0.12219989196653928   	-0.022128812998084006 	-0.22995500021292947  	-0.4232172714707587    	-0.6145734269387126   	-0.84259252830255     	-1.0541713809787125  	-1.271617496320585    	-1.5316831694017015   	-1.7773636248811027   	-2.000736569007119   	-2.154298022328951   	-2.174014407530474    	-2.105066625443577   	-2.218301816585859    	-2.411147125014653    	-2.4534986352209454  	-2.4286893468933495  	-2.3690934454005284  	-2.262053130575341   	-2.1243660478160646  	-1.9436126614292926   	-1.1612712619223333   	-0.9506454671411082   	-0.7294466863379185    	-2.1948029828638016
       33.10518 	0.3600176198127045     	0.2637885554832167    	0.1639259579292791    	0.05441364918909755   	-0.03469726398757452  	-0.15266796154532788  	-0.2850536597640135   	-0.4483541734497397   	-0.5971205542376666    	-0.7374881123264552   	-0.9108553000274605   	-1.052443963544138   	-1.21112810305126     	-1.391792140260382    	-1.5659932536194576   	-1.7248858745410973  	-1.7495164645133925  	-1.7652717028390812   	-1.8791025551656988  	-1.9094514925076203   	-1.993499285617436    	-2.006484699435962   	-1.9881979010768451  	-1.9430467833041731  	-1.8408313240721081  	-1.6958176087454984  	-1.499874862158157    	-1.1443544842871896   	-0.9742038669815988   	-0.7692368534515662    	-1.734416453490474
       37.53128 	0.2229857643561978     	0.13572140085096746   	0.055009310373433595  	-0.012896064640875338 	-0.10760619295030623  	-0.20618811895792138  	-0.30736117111739836  	-0.4523153203255745   	-0.5630785175528618    	-0.6733056197142465   	-0.8131668657963493   	-0.9203858789768372  	-1.0368972066329671   	-1.1804515520579537   	-1.3156666409022355   	-1.4579403147808994  	-1.454098300141932   	-1.4762568961992328   	-1.5443707526280592  	-1.5583390074007397   	-1.6175179460645255   	-1.619870807742653   	-1.5942871598754196  	-1.5363293266395228  	-1.4249406851686828  	-1.2650354402336719  	-1.065518726540314    	-1.0243287556434768   	-0.8758304223885012   	-0.6779219938928509    	-1.4269361501362086
       41.95991 	0.0923274835720867     	0.01113886414708401   	-0.03055741875643902  	-0.110197319102168    	-0.18703761188151757  	-0.2722171612415718   	-0.35528211339723303  	-0.479328555035214    	-0.5711795096598319    	-0.6617200096789104   	-0.7764741368412491   	-0.8623089135040729  	-0.9544279156616421   	-1.0774617332862517   	-1.1943304576529836   	-1.2217010890732247  	-1.2590788283903114  	-1.3004772807016665   	-1.3574522729834089  	-1.3621579963396637   	-1.4067730190464334   	-1.4030203535851162  	-1.365880878741764   	-1.29318043119355    	-1.1666322125813575  	-0.9901973697810216  	-0.7907700052653142   	-0.9949030931372763   	-0.8720479738679674   	-0.6821511883016367    	-1.2643504298716854
       46.38793 	0.00854773799522222    	-0.0688584329092466   	-0.13378550200187533  	-0.1980573437917344   	-0.26530749150327365  	-0.3415223400390704   	-0.4141930045280677   	-0.5170636910629024   	-0.5963461946980296    	-0.675926528925325    	-0.7721555932548129   	-0.84184795182213    	-0.915620589502149    	-1.0244181048211272   	-1.130445795632943    	-1.10486214776571    	-1.1560592265593927  	-1.1970704991009293   	-1.2374265443396963  	-1.2383200361162003   	-1.2710516181954659   	-1.2595553573377805  	-1.2122300762422815  	-1.1320540808306503  	-0.9857894770169349  	-0.7945226707266313  	-0.6157051831889511   	-0.9878445081028941   	-0.8915856607141895   	-0.7137510141306639    	-1.1688659420226177
       50.8156  	-0.02436254243934417   	-0.09143399179558263  	-0.15102989328840377  	-0.21193624938676417  	-0.2714428017019349   	-0.33508919924824115  	-0.395935989228168    	-0.49049720224151483  	-0.5595938996244958    	-0.6258909894410974   	-0.7064541646225473   	-0.7666159442404876  	-0.8369933131697911   	-0.9308397327619349   	-1.002467990178344    	-0.9957072357361298  	-1.0350506569615254  	-1.0608427862432763   	-1.0935743683225418  	-1.0869625291764118   	-1.1154351337876744   	-1.097327033783859   	-1.0364504607447154  	-0.9446292891793142  	-0.7778739406244389  	-0.595095306210924   	-0.4714062612835446   	-0.9327160654925933   	-0.8564118677791462   	-0.6957322633044986    	-1.0412157502194037
       55.2486  	-0.035769454119379394  	-0.09745016975737668  	-0.1501066184526829   	-0.20046977158829538  	-0.2517859826188455   	-0.308165313716252    	-0.3658550994191978   	-0.44936679746311103  	-0.5067587525738888    	-0.5627509039014769   	-0.6328006591793955   	-0.6882567154410812  	-0.7455295383149917   	-0.8243355130026502   	-0.8484002248498265   	-0.8742221371907938  	-0.9053156510131354  	-0.9230663543063494   	-0.9503178534897234  	-0.9421870783235365   	-0.9636606640188508   	-0.9375111380264984  	-0.8652574363665364  	-0.7576512434162301  	-0.5822885907476991  	-0.4378109704869918  	-0.37681526521098097  	-0.8647511243598509   	-0.811737278953943    	-0.669016859187027     	-0.9070728515069267
       59.69223 	-0.07243240001526287   	-0.13554270249566663  	-0.18230210546604605  	-0.22510036156059074  	-0.27177041535331975  	-0.3205848494096585   	-0.3657657502415474   	-0.4494859296999782   	-0.49874710964456903   	-0.5481869879444606   	-0.6118631685499837   	-0.6564484081975365  	-0.7113088032748861   	-0.7946715860227153   	-0.7913656664496502   	-0.8317217116884171  	-0.8481321773168752  	-0.8565905661344471   	-0.8749369306119971  	-0.8619515167934715   	-0.8759793376845852   	-0.8461367123493495  	-0.7592297455547207  	-0.6287203800666936  	-0.46860665371716526 	-0.37237758938767745 	-0.35331643148892405  	-0.8422649146511652   	-0.8028023611889024   	-0.6800068080380269    	-0.842890358894718
       64.13685 	-0.12413579081563142   	-0.17536265266853115  	-0.2214966113953577   	-0.2630439790027967   	-0.30271501387957717  	-0.3453345716188211   	-0.3854821354430704   	-0.4556808060170731   	-0.5009808390858292    	-0.5466680519244037   	-0.6039408747983143   	-0.6432247299052763  	-0.696417273666485    	-0.7563110057514741   	-0.7494609021316095   	-0.7852899223694226  	-0.8052743551038969  	-0.807984613492626    	-0.8233824551077126  	-0.8101587768154523   	-0.81623452089568     	-0.7805841990131678  	-0.6789941840246557  	-0.5431536509368211  	-0.41017229153379936 	-0.3785724657047723  	-0.38315905682415985  	-0.8359806891564199   	-0.8159069072442953   	-0.7155677807428887    	-0.804202164972092
       68.579   	-0.13292179328458806   	-0.17947271484044983  	-0.2192033158356639   	-0.2561640923237154   	-0.29243985844978043  	-0.32996651306295116  	-0.36296614267516797  	-0.4295312800247208   	-0.4681301247696964    	-0.504763287606363    	-0.5626913377830433   	-0.5991160192051923  	-0.6539764142825419   	-0.6731864874773793   	-0.6916817672510135   	-0.7150912517954199  	-0.729238204923401   	-0.7282255809100296   	-0.73930487893868    	-0.7220604876521516   	-0.7239963865012438   	-0.68286598172284    	-0.5619467613026232  	-0.43045455486044165 	-0.3553714625748834  	-0.3594517416875853  	-0.37928725912597555  	-0.7887447572385716   	-0.790948703620615    	-0.7032971603455662    	-0.7262598990017207
       73.02401 	-0.13557248555488347   	-0.18120013227502438  	-0.2137530159989891   	-0.24183844084043357  	-0.27305108689964225  	-0.3053657061498726   	-0.3359529079655284   	-0.4002545328146042   	-0.4345348339731436    	-0.47087016621764216  	-0.5201015631030161   	-0.5580749636044389  	-0.6124886127935365   	-0.5848499338403441   	-0.6244911856579077   	-0.6421525397734715  	-0.6570440693818725  	-0.6518618170781489   	-0.6564484081975365  	-0.6355704836865582   	-0.6329495744754796   	-0.5853264627878129  	-0.4553531923656882  	-0.3459004497439403  	-0.322014436252065   	-0.3517379293504335  	-0.37678548215176416  	-0.7533326998297939   	-0.7656926694047668   	-0.6919200317247478    	-0.6516235526044145
       77.47357 	-0.1350066074297642    	-0.17476699148419508  	-0.20386504033901082  	-0.22912107455485906  	-0.25416862735618967  	-0.2840112526914254   	-0.30354893953764767  	-0.3625491798461327   	-0.39435748708967744   	-0.42720820140581023  	-0.4803113959893685   	-0.5233479165576476  	-0.5656398606455066   	-0.5155149719836286   	-0.5581940958413061   	-0.5659674742968915  	-0.5757661007792194  	-0.5656994267639402   	-0.5703158009425446  	-0.5462808721545852   	-0.5416942810351977   	-0.4899015410571788  	-0.3582604193189132  	-0.29309508575255006 	-0.3069442082883631  	-0.3506359561594119  	-0.37669613297411375  	-0.7098494333732628   	-0.7323654261411652   	-0.681525744058084     	-0.570107319528027
       81.93114 	-0.12062138982804876   	-0.1557058335854417   	-0.18015772520243628  	-0.2021078398452195   	-0.22831693195600536  	-0.25521103442877774  	-0.28010967193402436  	-0.3347020194784227   	-0.3701736430056341    	-0.40841509104000806  	-0.4630372216436232   	-0.510332719679905   	-0.451779225259672    	-0.46473485601898096  	-0.4939222540514471   	-0.5006234423752276  	-0.5084563869492466  	-0.4950837933609023   	-0.49407116934753104 	-0.47259758365221677  	-0.46452637460446333  	-0.4093979319941626  	-0.29380987917375334 	-0.2813307773619132  	-0.3156110785204525  	-0.3598389214574037  	-0.3903367740954092   	-0.6848316636311489   	-0.7120831628145229   	-0.6790239670838726    	-0.5012786696779972
       86.38589 	-0.10799337272012463   	-0.14406065743167207  	-0.16538532783090243  	-0.1819447087554444   	-0.20285241632563952  	-0.2287338947850406   	-0.2576234622253387   	-0.31164993164461785  	-0.34774699941538206   	-0.3933448630763062   	-0.45627646720140913  	-0.46211394680790235 	-0.3596006569836693   	-0.40528786982224385  	-0.4292930155509863   	-0.42965041226158796 	-0.43545810880886443 	-0.42220464745738745  	-0.4181541514039024  	-0.39733579301135763  	-0.38908588560830343  	-0.33544659595884274 	-0.2574149808108211  	-0.2728426054851246  	-0.31841068608683193 	-0.3693099342883468  	-0.40141607212405955  	-0.6568951540857885   	-0.6896863022834877   	-0.674586291260569     	-0.43096086686712726
       90.8108  	-0.08181406366855554   	-0.11311605890541461  	-0.1334578883504905   	-0.1486174654918428   	-0.17187803474016528  	-0.20091651747654737  	-0.2311761056408184   	-0.2905635257191219   	-0.3322002425042114    	-0.37931704218519235  	-0.4146695334755365   	-0.29124853608110834 	-0.30596136733420864  	-0.33940774283467745  	-0.35730736142397557  	-0.3561160390553034  	-0.358141287082046   	-0.34515587326352026  	-0.3408968957955175  	-0.32150812424537933  	-0.31299016930937396  	-0.26789861765513545 	-0.22932955596937665 	-0.2650394439703224  	-0.31888721503430073 	-0.37246693856532787 	-0.4061813615987479   	-0.6267546981583847   	-0.661034999316924    	-0.6603797720141543    	-0.3549544997458482
      100       	-0.054294516952230344  	-0.0827373385042764   	-0.10578942633808129  	-0.12416557387484821  	-0.14814093654437396  	-0.1788770536561138   	-0.21214473080128182  	-0.27614852505818965  	-0.3192148286856856    	-0.33821642046600536  	-0.22009680761216802  	-0.20702204461599186 	-0.24451891616994575  	-0.26962603508971     	-0.28320711009257177  	-0.27999053969715715 	-0.2814201265395636  	-0.26834536354338745  	-0.2624483178184607  	-0.24422108557777775  	-0.23790707702381567  	-0.2089281604058672  	-0.2103875303074905  	-0.2563130076197994  	-0.3136453966121436  	-0.36942906652521407 	-0.4063898430132655   	-0.5890493451899131   	-0.6284523325337424   	-0.6402166409243794    	-0.27778659331511374
        0       	-0.02287338947850406   	-0.05021423783952845  	-0.07201543718622763  	-0.09214878521678589  	-0.12151488160455282  	-0.15782043078983468  	-0.19507903787005418  	-0.2633120265357479   	-0.23883035185953655   	-0.14012929361505416  	-0.13494704131133062  	-0.15933936680989158 	-0.18635260151953115  	-0.2013334803055826   	-0.21244256139344983  	-0.20740922438581028 	-0.20848141451761515 	-0.19677667224541187  	-0.19379836632373165 	-0.1804257727353875   	-0.17863878918237935  	-0.16752970809451218 	-0.20172066007540107 	-0.252917738869084   	-0.31063730763124653 	-0.3707395211307533  	-0.4076109484411544   	-0.5559305833408291   	-0.6030175999625934   	-0.6228233343417668    	-0.20645616649087256
        0.43123 	-0.004288760527219511  	-0.03451856563227371  	-0.05914915560456909  	-0.08526889853770458  	-0.11597523259022761  	-0.1539784161508672   	-0.1941855460935501   	-0.12514841482900269  	-0.0688286498500298    	-0.06817342254726015  	-0.09590145067810298  	-0.11326497420149863 	-0.13283244410693765  	-0.14093343621390783  	-0.14930247585382925  	-0.14379260989872084 	-0.14504349838582653 	-0.13846144229891327  	-0.13813382864752843 	-0.13119437585001353  	-0.1363170620353035   	-0.14519241368191055 	-0.20115478195028183 	-0.25157750120432787 	-0.3120073283552195  	-0.377559841691401   	-0.4172010935089647   	-0.5247477203408373   	-0.5779104810428292   	-0.6092720423981218    	-0.14495414920817612
        1.47147 	-0.0005956611843360433 	-0.031450910532943084 	-0.059744816788905135 	-0.08780045857113278  	-0.12762040874399727  	-0.12559516071725474  	-0.018405930595983735 	-0.013968254772680216 	-0.016886994575926826  	-0.034369650336189696 	-0.050958814319948496 	-0.06251464129606774 	-0.07910380527982654  	-0.08514976630083738  	-0.09402511794744443  	-0.09062984919672898 	-0.09345923982232518 	-0.09560362008593495  	-0.10230480840971544 	-0.10153044887007859  	-0.11389041844505148  	-0.14161844657589429 	-0.20663486484617338 	-0.25833825564654195 	-0.3195722253962872  	-0.38744781735137934 	-0.4277442964717127   	-0.5039293619482925   	-0.558521709492691    	-0.5968227236454985    	-0.09113616120341463
        3.92479 	0.020133348030558263   	-0.0123897526341897   	-0.048486820404953924 	-0.07329610873255012  	0.005867262665710026  	0.06847125313942817   	0.08324365051096204   	0.045985043430742535  	0.0317189580658943     	0.020580093918810296  	0.01224083733810569   	0.004973770889205961 	-0.007267066448899727 	-0.010096457074495933 	-0.017274174345745255 	-0.01915050707640379 	-0.02245642664946883 	-0.035144009875826554 	-0.04482350412128726 	-0.0536988557678943   	-0.07058585034382113  	-0.11564761893884279 	-0.18927134132277773 	-0.24568045547940104 	-0.3123051589473875  	-0.37878094711928995 	-0.4167841306799295   	-0.46151828562356634  	-0.519684600273981    	-0.5610830525853359    	-0.023230786189105686
        7.79506 	0.016261550332373982   	-0.02049074474115989  	0.029902191453669368  	0.06921582961984822   	0.12062138982804876   	0.1255653776580379    	0.11004840380608401   	0.07234305083761246   	0.06510576744792952    	0.0591193725453523    	0.05709412451860975   	0.0522692689254878   	0.04113040477840379   	0.039968865468948504  	0.02936609638776693   	0.023081870893021675 	0.01620198421394038  	-0.007118151152815717 	-0.02314143701145528 	-0.039194505929311646 	-0.06504620132949593  	-0.11811961285383737 	-0.19445359362650133 	-0.25369209840872087 	-0.3232653247391707  	-0.3902772079769755  	-0.4291143171956856   	-0.4468948035481165   	-0.5027082565204037   	-0.5456852109702492    	0.007475547863417342
       12.0143  	0.055068876491867196   	0.07404068521297018   	0.08464345429415175   	0.07826987962175609   	0.07621484853579673   	0.08800893998565039   	0.107338145417355     	0.09923715331038481   	0.10668291811458534    	0.12106813571630079   	0.12845433440206774   	0.12839476828363414  	0.11603479870866124   	0.11400955068191869   	0.09983281449472085   	0.08771110939348237  	0.07791248291115446  	0.03916472287009484   	0.018257015299899725 	-0.004437675823303522 	-0.030200022045837396 	-0.08631130561029267 	-0.1512085916437046  	-0.21107254066947695 	-0.26661794610881295 	-0.3097140327955257  	-0.3347020194784227   	-0.3404203668480487   	-0.3794659574812764   	-0.421817467687569     	0.06349748225022221
       16.32276 	-0.6644004850084227    	-0.3457813175070731   	-0.032016788658062324 	0.32418859957489154   	0.6616902266196936    	0.9093959301258372    	1.0261753053149185    	1.0651315467704958    	1.0259966069596178     	0.8094142003350323    	0.4169330459760135    	-0.16875081352240104 	-0.9217856827600269   	-1.8365127804856718   	-2.8488985293832108   	-3.8841278847000376  	-4.2011387670036795  	-4.661852910028392    	-5.115925430847758   	-4.802339600354048    	-5.455422522860086    	-6.118929516092004   	-6.310315454619176   	-6.020645420676558   	-5.494617028789397   	-5.026189073427533   	-4.418852929878503    	-1.3839591956863628   	-1.2705155231295635   	-1.1839957361047533    	-4.344127234303547
       20.67013 	-2.4277660720576284    	-2.1333903147587554   	-1.9782801423576502   	-1.3529550310416718   	-0.7986625159577668   	-0.2837432051584742   	0.15385928391399997   	0.5625424224869593    	0.8175449755012194     	0.9718807883626882    	1.056375327360756     	1.046725616174512    	0.9829600863913387    	0.8923600202538264    	0.7164017064009592    	0.48504690240484005  	0.4275953811756286   	0.2784418206178834    	0.17038888177932518  	0.02352861678127371   	-0.09274444640112194  	-0.2093153401756856  	-0.23978340975447424 	-0.2662009832797777  	-0.25095205696077505 	-0.19177311829698912 	-0.09292314475642274  	0.6691955575423278    	0.729684950811653     	0.770487741938672      	0.36106002688529265
       25.03792 	-2.456506724201842     	-2.006454916376745    	-1.3609368909117747   	-1.047619107951016    	-0.7550005511459348   	-0.4588973764124878   	-0.1815277459264092   	0.11070363110885365   	0.32680950878597015    	0.5083670377715961    	0.6876312711975283    	0.809324851157382    	0.8879521274897396    	0.9834068322795906    	1.018878455806802     	1.022928951860287    	1.037075904988268    	1.0256987763674497    	1.0349315247246584   	1.014232298568981     	1.014827959753317     	0.9960348493875147   	0.9966305105718508   	0.9928480620513169   	0.9872190638593413   	0.9975835684667884   	0.9989833722499782    	1.0353782706129104    	1.0467553992337288    	1.037880047587122      	1.0209037038335445
       29.41554 	-1.563223429112295     	-0.9193434719042491   	-0.9736379888564796   	-0.7625952312462194   	-0.5858327747944985   	-0.40930858281651217  	-0.22840628113365577  	-0.033654856914986445 	0.12017464393979674    	0.25705758410021945   	0.39087286916131164   	0.5090818311927994   	0.5993245006197099    	0.7050245777801408    	0.7845155628297859    	0.8420862162958644   	0.8702312072557424   	0.8927472000236448    	0.9243172427934552   	0.9329841130255445    	0.9580018827676584    	0.9614269345775907   	0.9742634331000324   	0.9779267493836991   	0.9775097865546637   	0.981262452015981    	0.973131676849794     	0.8935811256817152    	0.89605311959671      	0.8763069513359701     	0.8662700603799077
       33.79772 	-0.9018310330847695    	-0.7827583623359944   	-0.7449636601898725   	-0.5893769588412979   	-0.4688151351316828   	-0.34762786717851485  	-0.22381969001426827  	-0.08470302041258536  	0.02686431941355555    	0.12753105956634686   	0.22501101238294033   	0.3180830724354471   	0.3929576833064877    	0.4857616958260433    	0.5601299946903983    	0.6229722496378508   	0.6467689139520758   	0.6739608470170161    	0.7051139269577912   	0.720660683868962     	0.7499374310790785    	0.7598849728574903   	0.775014766939626    	0.7815670399673225   	0.7824903148030433   	0.7863323294420107   	0.7810011618422031    	0.6964768397849186    	0.6974894637982898    	0.6789644009654389     	0.648406982209
       38.18675 	-0.7437425547619836    	-0.64989613516984     	-0.5877388905843739   	-0.48856130339242265  	-0.39691883018232244  	-0.30471047884710295  	-0.21333605316995388  	-0.10489593456157721  	-0.011764308390636856  	0.065939693106        	0.15070227963701896   	0.22384947307348504  	0.28806174874491053   	0.3662124961297994    	0.4288760527219512    	0.48486820404953923  	0.5103625027391219   	0.537137472975027     	0.5656100775862899   	0.5812759667343278    	0.6059959058842737    	0.6156456170705176   	0.630626495856569    	0.6378637792462519   	0.6395018475031761   	0.6431353807276259   	0.6395911966808264    	0.5687372988040541    	0.5691244785738725    	0.552207700938729      	0.5122090524105636
       42.57527 	-0.6289288614812112    	-0.5509568124516232   	-0.470155372796439    	-0.41323994663313     	-0.343994333954065    	-0.26825601436573704  	-0.19522795316613817  	-0.10105391992260974  	-0.02588147845940108   	0.03925407204774525   	0.11100146170102167   	0.17720920233997287  	0.23326091978599453   	0.3018215221030731    	0.3537631773771761    	0.40734290090820324  	0.4241703293656964   	0.4472224171995013    	0.47229975306004873  	0.48647648924724657   	0.5122686185289972    	0.5246583711631869   	0.5382692292252654   	0.5442854071870595   	0.5494676594907831   	0.5527140129454146   	0.5493485272539159    	0.48436189204285357   	0.4831705696741815    	0.4669388024010243     	0.4308119515710433
       46.96278 	-0.5267431853083631    	-0.4588973764124878   	-0.38047858149464764  	-0.3460493650400243   	-0.28648324660642     	-0.22265815070481298  	-0.15731411878314902  	-0.07978881564181299  	-0.01405760395033062   	0.04321521892357994   	0.10549159574591327   	0.16615968737053927  	0.2147954230715772    	0.27671440318330887   	0.32460556240392674   	0.3719010604402086   	0.38866892277926823  	0.4086831385729593    	0.4318245755844146   	0.4458821795347452    	0.466224008979821     	0.47477174697504326  	0.4867147537209809   	0.4915098262548861   	0.4929096300380758   	0.4953220578346368   	0.4926415825051246    	0.43885337755957987   	0.43801945190150937   	0.4221450813389539     	0.39093243527974514
       51.35062 	-0.44874135321955816   	-0.38935393314125466  	-0.3231461925023035   	-0.2923207262129133   	-0.24079603376784547  	-0.18548889280224387  	-0.12881173111266936  	-0.059774599848121945 	-0.0019656819083089428 	0.04938031218145798   	0.10471723620627639   	0.15936914986910836  	0.2024354534966043    	0.2585765201202764    	0.3017023898662059    	0.34506652408586985  	0.3604643657009566   	0.37815550287573707   	0.3984675492615961   	0.41172101061307315   	0.43006737509062326   	0.437632272131691    	0.4479669936799213   	0.4515111777267208   	0.45207705585184     	0.45353642575346337  	0.4508857334831679    	0.4029052250848997    	0.4011182415318916    	0.385094955673252      	0.3622811323131815
       55.73662 	-0.4167245645614958    	-0.3643659464583577   	-0.30962468361787526  	-0.28165839101329804  	-0.23582226287863955  	-0.1873354424736856   	-0.1377764319369268   	-0.07517244146320866  	-0.023498833722056904  	0.021116188984712733  	0.07013910445556909   	0.1197278980515447   	0.1583863089149539    	0.2094642554717696    	0.24845027998656366   	0.2877937012119593   	0.30128542703717065  	0.3171002314812926    	0.33535724678119233  	0.34771721635616526   	0.3637702852740216    	0.3701438599464173   	0.3789000793561571   	0.38137207327115175  	0.3808955443236829   	0.3814018563303685   	0.3783342012310379    	0.3352083314851083    	0.33237894085951214   	0.3164747872377398     	0.3029830614125284
       60.12075 	-0.3713649653743062    	-0.3252607897066964   	-0.2789779156837859   	-0.25455580712600806  	-0.21416997882802435  	-0.17146107191113005  	-0.12735236121104604  	-0.07052628422538752  	-0.023707315136574522  	0.015904153621772353  	0.05965546761125474   	0.10498528373922762  	0.13977189690445255   	0.18620368622344713   	0.22084138409258805   	0.25771281140298913  	0.2698642995634444   	0.2835942898623902    	0.299885623253981    	0.3110840535194986    	0.32535013888434683   	0.3305026081288536   	0.33773989151853656  	0.33896099694642545  	0.3375016270448021   	0.33687618280124926  	0.3333319987544498    	0.29401836058827097   	0.2902359120677371    	0.2740041447945799     	0.2713534525242845
       64.50502 	-0.3400927531966639    	-0.2984262533523577   	-0.25848717094262597  	-0.23802620926068288  	-0.20154196172010025  	-0.16321116450807585  	-0.12362947880894577  	-0.07186652189014361  	-0.02963414392071815   	0.006045961021010839  	0.04518090083188888   	0.0866687023208943   	0.11764308390636855   	0.16047112306013006   	0.19201138277072355   	0.2257853719225772   	0.23650727324062595  	0.24853962916421407   	0.2627759314698455   	0.27320000219572627   	0.28570888706678316   	0.28958068476496746  	0.29515011683850945  	0.2949714184832086   	0.2922909431536964   	0.2904146104230379   	0.28636411436955284   	0.25023726353957176   	0.24538262488723303   	0.228525413370523      	0.23751989725399725
       68.8901  	-0.30110672868186983   	-0.26450334890442     	-0.2300145663313631   	-0.21387214823585635  	-0.1803662066169539   	-0.1457582918070298   	-0.11070363110885365  	-0.06212746152624931  	-0.02412427796560975   	0.007445764804200541  	0.04333435116044715   	0.08056317518144986  	0.10858903390446069   	0.14751549230082112   	0.17601787997130078   	0.20720074297129262  	0.21682067109831973  	0.2270362604096829    	0.23936644692543899  	0.24874811057873167   	0.2594700118967805    	0.26209092110785903  	0.26655837999037935  	0.2651585762071897   	0.26036350367328454  	0.2572660655147371   	0.2529773049875176    	0.21985854313843356   	0.21390193129507312   	0.1958236143504742     	0.21863743771054467
       73.28011 	-0.2646224811412872    	-0.23209938047653927  	-0.20294176550328993  	-0.19055201286910023  	-0.1597861126981436   	-0.12890108029031977  	-0.09739060363894309  	-0.052358618103138195 	-0.01801875082616531   	0.009887975659978317  	0.042023896554907854  	0.07657224524639836  	0.10147088275164497   	0.13741903522632518   	0.16291333391590784   	0.1916539860601219   	0.20041020546986177  	0.20874946205056638   	0.21959049560548236  	0.22795953524540377   	0.2371625005433956    	0.2382942567936341   	0.24055776929411107  	0.23751989725399725  	0.23183133294358804  	0.22751278935715172  	0.2218540081059593    	0.19138593852717073   	0.18396995678218697   	0.16553424312698642    	0.2008569513581138
       77.67783 	-0.2337374487334634    	-0.20452026764178047  	-0.1792642334259322   	-0.16836363375258262  	-0.14388195907637125  	-0.1157369681164932   	-0.08708566514992952  	-0.044942636358154466 	-0.013998037831897018  	0.01087081661413279   	0.03964125181756368   	0.07118151152815716  	0.09342945676310839   	0.12616103884237395   	0.14891529608401083   	0.1750052559579295   	0.18257015299899726  	0.18912242602669374   	0.1982956082654688   	0.20544354247750132   	0.21312757175543628   	0.21282974116326825  	0.21336583622917069  	0.20877924510978316  	0.20178022619383465  	0.19594274658734145  	0.18918199214512735   	0.1610965673036829    	0.15237013095315985   	0.13304092552145527    	0.18277863441351486
       82.07965 	-0.20764748885954468   	-0.18143839674875878  	-0.16020307552717883  	-0.14510306450426014  	-0.1306880638433279   	-0.1044194056141084   	-0.0785677102139241   	-0.03868819392262601  	-0.010930382732566394  	0.010007107896845526  	0.035709888000945794  	0.06421227567142546  	0.08351169804391326   	0.11356280479366665   	0.1335770205873577    	0.15743325102001623  	0.1639259579292791   	0.16851254904866664   	0.176137012208168    	0.18236167158447963   	0.18834806648705688   	0.18650151681561514  	0.18504214691399185  	0.17851965694551217  	0.16991235283185632  	0.16258572026452303  	0.15478255874972083   	0.12896064640875335   	0.11874505709739022   	0.0980160478824959     	0.16344942898181028
       86.47978 	-0.17378415053004062   	-0.15034488292641732  	-0.1321474337449512   	-0.11183538735909211  	-0.110197319102168    	-0.08517954936005419  	-0.0620083292893821   	-0.024034928787959348 	0.0005956611843360433  	0.018078316944598914  	0.04065387583093495   	0.06626730675738482  	0.08306495215566123   	0.1102271021613848    	0.12788845627694848   	0.14927269279461244  	0.15478255874972083  	0.15746303407923304   	0.16368769345554468  	0.16854233210788344   	0.17303957404962056   	0.1694953900028211   	0.16595120595602164  	0.15767151549375064  	0.1470687464125691   	0.13804447946987802  	0.12902021252718698   	0.10546181268669645   	0.0936677212368428    	0.0715686912979756     	0.15388906697321678
      100       	-0.14417978966853925   	-0.12276577009165851  	-0.10760619295030623  	-0.0852391154784878   	-0.0948888266647317   	-0.06981149080418428  	-0.047891159220617874 	-0.01128777944316802  	0.010543202962747966   	0.024839071386813003  	0.044644805765986444  	0.0676671105405745   	0.08169493143168834   	0.10635530446320053   	0.12148509854533603   	0.14012929361505416  	0.14468610167522492  	0.14531154591877776   	0.1498981370381653   	0.15374015167713276   	0.15665889148037937   	0.15129794082135498  	0.14528176285956096  	0.1348279090744634   	0.12237859032184009  	0.11150777370770729  	0.10135175051477777   	0.08023556153006503   	0.06674383570485365   	0.04318543586436314    	0.143167165655168
                	-0.10707009788440379   	-0.08699631597227912  	-0.07413003439062059  	-0.0536690727086775   	-0.07356415626550133  	-0.048159206753569106 	-0.026417573525303516 	0.009024266942691055  	0.029217181091682923   	0.04059430971250135   	0.05768978570294579   	0.07746573702290244  	0.08875351646607045   	0.11100146170102167   	0.12309338374304334   	0.1391166696016829   	0.14275020282613277  	0.14129083292450945   	0.14432870496462327  	0.14677091582040105   	0.14808137042594036   	0.1406653886809566   	0.1320580845673008   	0.11951941663702709  	0.10501506679844443  	0.09247639886817072  	0.08106948718813549   	0.06254442435528454   	0.04735506415471544   	0.022099029938867205   	0.1405164733848726
                	-0.07418960050905418   	-0.05477104589969918  	-0.04354283257496476  	-0.026506922702953926 	-0.0578684840582466   	-0.03279114819769918  	-0.009649711186243902 	0.02573256316331707   	0.0454787314240569     	0.05414560165614633   	0.06853081925786178   	0.0854475968930054   	0.09402511794744443   	0.11380106926740106   	0.12351034657207857   	0.13724033687102435  	0.13989102914131976  	0.13613836368000268   	0.1377764319369268   	0.13866992371343087   	0.13840187618047964   	0.12860324969815173  	0.11683894130751488  	0.10161979804772897  	0.08482215264945256  	0.07043693504773711  	0.05763021958451219   	0.04199411349569105   	0.024958203623680213  	-0.0017274174345745254 	0.13715098769337394
                	-0.03431008421775609   	-0.015308492437436311 	-0.005271601481373983 	0.007386198685766936  	-0.035829020237813    	-0.014117170068764225 	0.010394287666663955  	0.04699766744411381   	0.06784580889587533    	0.07511287534477505   	0.08756219409739835   	0.10164958110694579  	0.10760619295030623   	0.12488036729605147   	0.1322367829226016    	0.1431969487143848   	0.14492436614895932  	0.13872948983186448   	0.13872948983186448  	0.13801469641066125   	0.1360192314431355    	0.12351034657207857  	0.10844011860837667  	0.09045115084142817  	0.07085389787677235  	0.05432430001144714  	0.04008799770581571   	0.027638678953192407  	0.008845568587390242  	-0.01968660214230623   	0.14123126680607587
                	-0.0025017769742113815 	0.0165295978653252    	0.026238875170002708  	0.03594815247468021   	-0.004854638652338752 	-0.0068798866790813   	0.019478120727788616  	0.057123907577826545  	0.08095035495126827    	0.08845568587390243   	0.09971368225785364   	0.11186517041830893  	0.11540935446510839   	0.13050936548802708   	0.13530443802193223   	0.1430480334183008   	0.14379260989872084  	0.1350959566074146    	0.1333983222320569   	0.13080719608019512   	0.12702474755966123   	0.11144820758927369  	0.09194030380226828  	0.07058585034382113  	0.0483081220496531   	0.02963414392071815  	0.014087387009547425  	0.005033337007639566  	-0.016023285858639564 	-0.04693810132568021   	0.13935493407541732
                	0.03690121036961788    	0.05757065346607858   	0.06775645971822492   	0.07600636712127912   	0.06763732748135771   	0.007922293751669376  	0.03326767714516802   	0.07109216235050676   	0.09893932271821679    	0.10924426120723034   	0.12106813571630079   	0.13113480973157993  	0.1331600577583225    	0.14623482075449862   	0.14888551302479403   	0.1539784161508672   	0.15356145332183196  	0.14140996516137666   	0.13798491335144442  	0.13336853917284008   	0.12723322897417882   	0.10814228801620866  	0.08374996251764769  	0.05894067419005148  	0.03371442303342005  	0.012091922042021678 	-0.005152469244506774 	-0.010572986021964768 	-0.03499509457974254  	-0.06859038537629539   	0.14772397371533874
                	0.055068876491867196   	0.07404068521297018   	0.08464345429415175   	0.07826987962175609   	0.07621484853579673   	0.08800893998565039   	0.107338145417355     	0.09923715331038481   	0.10668291811458534    	0.12106813571630079   	0.12845433440206774   	0.12839476828363414  	0.11603479870866124   	0.11400955068191869   	0.09983281449472085   	0.08771110939348237  	0.07791248291115446  	0.03916472287009484   	0.018257015299899725 	-0.004437675823303522 	-0.030200022045837396 	-0.08631130561029267 	-0.1512085916437046  	-0.21107254066947695 	-0.26661794610881295 	-0.3097140327955257  	-0.3347020194784227   	-0.3404203668480487   	-0.3794659574812764   	-0.421817467687569     	0.06349748225022221
