X,Y,P001,P002,P003,P004,P005,P006,P007,P008,P009,P010,P011,P012,P013,P014,P015,P016,P017,P018,P019,P020,P021,P022,P023,P024,P025,P026,P027,P028,P029,P030,P031,P032,P033,P034,P035,P036,P037,P038,P039,P040,P041,P042,P043,P044,P045,P046,P047,P048,P049
0.35626,0.77154,1.192454124922325,-0.276088958939756,-0.5264751377754118,-0.18870546319765846,0.15689715595411383,0.29392901141062056,0.4245872921947316,0.5083670377715961,0.5412773182061625,0.5526842298861977,0.5893471757820812,0.6410505665824497,0.6498365690514064,0.6524872613217019,0.6519213831965825,0.6375361655948671,0.624908148486943,0.5987288394353739,0.5712092927190486,0.5397881652453225,0.5212035362940378,0.5175104369511544,0.4967814277362601,0.5006532254344443,0.4618458992749511,1.1813152607752408,2.9446808478244466,2.9734214999686603,2.0801382048791135,1.4187458088515879,1.2606573305288018,1.1458436372480296,1.0436579610751815,0.9656561289863765,0.9336393403283143,0.8882797411411245,0.8570075289634822,0.8180215044486882,0.7815372569081055,0.7506522245002818,0.724562264626363,0.6906989262968589,0.6610945654353576,0.6239848736512221,0.5911043762758725,0.5512248599845745,0.5194165527410297,0.4800135653972005,0.4618458992749511
1.33331,1.60115,0.8688314034725528,-0.31826177079074786,-0.4808772741144878,-0.0908383306112466,0.25157750120432787,0.3796446558365772,0.5042271925404606,0.5842244895967912,0.6068000484831272,0.6128162264449213,0.6509087591832112,0.6907287093560758,0.6948387715279944,0.6965661889625689,0.6901330481717397,0.6710718902729863,0.6594267141192167,0.6284821155929592,0.598103395191821,0.565580294527073,0.5498846223198183,0.5468169672204877,0.5277558093217343,0.5358568014287045,0.44132537147457446,0.8611473741946177,2.6487563714463,2.5218209730642895,1.434709528591794,1.298124419023539,1.1652621918573847,1.0663228691391677,0.9742634331000324,0.9047199898287993,0.8797320031459023,0.840626846394241,0.8137923100399024,0.7798694055919647,0.7474654371640839,0.719886324329325,0.6968044534363034,0.6657109396139619,0.6381318267792031,0.6023623726598237,0.5701371025872438,0.5306745491249809,0.4988364588222194,0.457795403221466,0.44132537147457446
3.66108,2.87759,0.5633167820265961,-0.3292815027009648,-0.4055857004144118,0.022903172537720857,0.35906456191776687,0.4679812094736124,0.553547938603485,0.6567760218489213,0.6740204131354498,0.6730971382997288,0.705292625313092,0.7444871312424036,0.7421938356827099,0.7367435358460351,0.7268555601860568,0.7031482450494823,0.6883758476779483,0.6564484081975365,0.6287799461851273,0.5950059570332736,0.582139675451615,0.5827353366359511,0.5714773402519999,0.49308832839337663,0.43834706555289427,0.5550073085051083,2.5012706622046963,1.8839274107588206,1.4966285087035254,1.2679541800369185,1.1107294104314198,0.9931458926434851,0.9034691013416937,0.8461367123493495,0.8326152034649212,0.8019684355308317,0.7814776907896719,0.753005086178409,0.7259322853503359,0.7022547532729781,0.6831935953742247,0.6551379535919972,0.6305967127973522,0.5971205542376666,0.5665333524220107,0.52826212132842,0.49675164467704325,0.45523406012882106,0.43834706555289427
7.2922,4.15707,0.21098319149182648,-0.3276434344440406,-0.3148665020400325,0.12976478900760702,0.45880802723483727,0.5261177410648102,0.6234189955261028,0.7112790202156692,0.725157925810699,0.7136914480122302,0.7383220379845256,0.7762656554267315,0.7693857687476502,0.7550601172643684,0.7423427509787939,0.7153295162691544,0.6951663851793792,0.6618391419157776,0.6373872502987831,0.6053704616407207,0.5984905749616395,0.6010221349950676,0.586517785156485,0.4440058468040866,0.43495179680217877,0.18903307684904333,1.8661767074656066,1.5608407843749508,1.2758169076701542,1.1025986352652328,1.0017829798163576,0.9264616230570649,0.8592710414639592,0.8055424026368482,0.7948800674372329,0.7677774835499429,0.7512478856846178,0.7270938246597912,0.7037736892930351,0.6815853101765175,0.658324740928195,0.6250570637830271,0.5984607919024226,0.5668907491326124,0.5397285991268888,0.505835477738168,0.47727352394925465,0.43721530930265573,0.43495179680217877
11.35604,5.13022,-0.11904288768955824,-0.2939587944698373,-0.19210073194837396,0.25208381321101353,0.553101192715233,0.6260101216779647,0.7054415406091761,0.7837114202309321,0.7898467304295933,0.770189911346504,0.7901743440809782,0.8211189426072356,0.8108437871774389,0.7914550156273007,0.772572556083848,0.7467208606836638,0.721256345053298,0.6902819634678238,0.6665448652720325,0.6399188103322113,0.6343791613178861,0.6460243374716557,0.5125366660619485,0.3977825388996097,0.4421890801918617,-0.14328629789203517,1.3170664446854254,1.2734044798735933,1.104236703522157,0.9872190638593413,0.915322758909981,0.8623982626817235,0.8048871753340785,0.7591999624955039,0.754226191606298,0.7325739075556829,0.7199458904477587,0.6987701353446124,0.6781900414258021,0.6622858878040297,0.6490919925709864,0.6286012478298265,0.6132927553923901,0.5919680849931598,0.5762724127859051,0.5542329489654715,0.5232585673799972,0.45076660124630075,0.4421890801918617
15.59135,5.85007,-0.3678505643867235,-0.2150039044860948,-0.04515111777267207,0.3961742537019024,0.6710421072137696,0.7245622646263631,0.7905913069100136,0.8598964857075121,0.8534633449166827,0.8265394593846935,0.8389589950781001,0.8637087172872627,0.8483406587313929,0.8237398518183143,0.8023853983598671,0.7735851800972194,0.7471080404534823,0.719290663144989,0.6972511993245555,0.6761945764582764,0.6723525618193088,0.6439693063856965,0.4499028925290135,0.39280876801040376,0.43036520568279124,-0.3910217844573955,0.8021173508269158,0.9772715220809294,0.9276827284849538,0.8660020128469564,0.8230846245155446,0.7866301600341787,0.7410322963732546,0.7038630384706855,0.7057095881421273,0.6898352175795717,0.6815853101765176,0.6641324374754715,0.6472752259587614,0.6341111137849349,0.6227935512825501,0.6035536950284959,0.5881856364726259,0.5665333524220109,0.5511652938661409,0.532491315737206,0.525254032347523,0.5104518519167723,0.43036520568279124
19.91328,6.3748,-0.4910928634258509,-0.08702609903149591,0.13289201022537125,0.528708867216672,0.7916337139826015,0.8139412253359863,0.861862167615821,0.9207730587466556,0.9025160434467558,0.8724351536377858,0.8723458044601353,0.8920621896616583,0.8695461968937561,0.8425329621841163,0.8101289937562356,0.7866897261526123,0.7642035164439268,0.7377561598594065,0.7187247850198698,0.7016590920886422,0.7007656003121382,0.5249859848145717,0.423336403707626,0.39653165041250393,0.399241908801233,-0.5195952510963305,0.35272077030458804,0.6881078001449973,0.7349863353522438,0.7303997442328563,0.7199161073885418,0.7018080073847262,0.663894173001737,0.6353917853312574,0.6443564861555148,0.6339324154296341,0.6302095330275338,0.6172836853274416,0.6039706578575311,0.5936657193685175,0.585147764432512,0.5685883835079701,0.5544712134392059,0.5329976277438916,0.5162297654048319,0.49618576655192403,0.4871019334907994,0.47331237707342,0.399241908801233
24.28443,6.74148,-0.5229309537286124,0.12714387979652841,0.3788405132377235,0.7451125754859566,0.9635117487227668,0.9674728955986016,0.994486130308241,1.0322212663359296,1.0056547775145417,0.9645243727361381,0.9646435049730052,0.9708383812901001,0.9446888552977478,0.9154121080876313,0.8777067551191597,0.8498595947514498,0.8268075069176449,0.8057211009921489,0.7913061003312166,0.7784696018087749,0.6403059901020297,0.5291258300457072,0.46917253184228447,0.4428145244354146,0.41592042196264223,-0.5499739714974687,-0.047384847213932234,0.4044539441641734,0.5488124321880135,0.5998605956856123,0.6200535098346043,0.6162114951956368,0.59494639091484,0.5749321751211489,0.5903300167362358,0.5856838594984145,0.5870240971631706,0.5772850367992762,0.5675161933761652,0.5601002116311815,0.5538457691956531,0.5391925040609863,0.526445354716195,0.506133308330336,0.4894250121097099,0.4681599078289132,0.45803366769520043,0.4440654129225202,0.41592042196264223
28.68627,6.9748,-0.4807581418776205,0.36406811586618965,0.6079615877925826,0.9402511794744443,1.1141544622413522,1.080112425556547,1.0882134176635174,1.1133801027017152,1.0766278076281814,1.0237926605775745,1.0157810176482547,1.0180147470895147,0.9851640327733818,0.9515687419768291,0.911391395093363,0.8872075510093196,0.8647809074190677,0.8492341505078969,0.836248736689371,0.755864259863222,0.5858625578537153,0.5339209025796123,0.48531494993779123,0.45192814055575603,0.4103509898891002,-0.5089626989559322,-0.30051106749753387,0.1902243992177154,0.39685926406388883,0.49016958859012993,0.5287982163943223,0.5429153864630866,0.5310915119540162,0.5189995899119945,0.5405327417257424,0.5407412231402601,0.5466680519244037,0.5411581859692953,0.5350526588298509,0.5310319458355826,0.5279642907362518,0.5164382468193496,0.5064907050409376,0.4878167269120026,0.4715551765796286,0.4491880991078102,0.43608355305241725,0.4180945852854688,0.4103509898891002
33.10518,7.09219,-0.27665483706487526,0.6158243154258184,0.8640661139978644,1.1232680783616935,1.2461827637494363,1.1820002711372275,1.1704146611018915,1.184621180348306,1.1345856408640786,1.0714455553244577,1.0568816393674416,1.0553627033473847,1.013457939029344,0.9795648176406231,0.9359028528287912,0.917109742462989,0.9020395144992871,0.8880116936081733,0.8469110718889864,0.6488239450380352,0.5768680739702411,0.5430643017591706,0.4881145575041707,0.4495752788776287,0.38762651570668016,-0.3007195489120513,-0.46318613693970717,0.00032761365138486443,0.2516370673227615,0.3811635918566341,0.44275495831698103,0.4694405793752357,0.46547943249940105,0.45931433924152304,0.48757846243826825,0.4927904978012086,0.5026486904019701,0.5012488866187804,0.4988066757630027,0.4978238348088482,0.4986875435261354,0.4906163344783821,0.48385558003616796,0.46810034171047965,0.45454904976683463,0.4335817760782059,0.4202389655490786,0.39945039021575063,0.38762651570668016
37.53128,7.10225,0.12976478900760702,0.9438251465804605,1.1776519444915743,1.3582266325230459,1.4264894042479563,1.3288009700168453,1.292108241061745,1.2877896974753087,1.222088268843043,1.1484347633998915,1.1274972727704795,1.11957497901881,1.078325442003539,1.035735667323512,0.9959455002098643,0.9786713258641192,0.971910571421905,0.9303036376960324,0.7357309118326638,0.6505811455318264,0.6115355548985988,0.5665929185404444,0.5033932668823901,0.45853997970188604,0.3871797698184281,0.09870105824448233,-0.5407412231402601,-0.1719971669770325,0.12476123505918423,0.2906230918375555,0.3649318245834769,0.4046326425194741,0.4101425084745825,0.41091686801421945,0.44549499976492674,0.4559786366092411,0.47045320338860697,0.4722997530600487,0.4736102076655879,0.47599285240293215,0.47992421621955,0.4749802283895609,0.4709892984545094,0.45794431851755,0.4471032849626341,0.4280719101230975,0.41592042196264223,0.394565968504195,0.3871797698184281
41.95991,7.00937,0.6976383790943739,1.285496401915615,1.4868298822211976,1.566082602797108,1.5643551853625337,1.4322971007952328,1.3742201353224686,1.3537591736405257,1.2785271660588833,1.200167937259477,1.168359630015932,1.155135951723672,1.1110272410235877,1.0699861854228345,1.0352591383760432,1.0222439414983007,0.9740251686262978,0.803159757899504,0.7189332664343874,0.6712505886282871,0.6251761960198942,0.5744258631144633,0.5069374509291896,0.4596419528929077,0.3835164535347614,0.6806620353407966,-0.5348143943561164,-0.29741362933898646,0.0028293906255961714,0.19382814938294848,0.28806174874491053,0.3347020194784227,0.34575153444785633,0.3525420719492872,0.3921833237668509,0.40692593807916794,0.4252425194975013,0.4313480466369457,0.43533897657199716,0.4407297102902384,0.4476989461469701,0.44564391506101075,0.44424411127782104,0.43444548479549316,0.4264636249253902,0.41026164071144977,0.40004605140008664,0.3807764120868156,0.3835164535347614
46.38793,6.81628,1.441142669382623,1.689533383250753,1.806104277025317,1.7717644097483438,1.7112750164790185,1.5370441200607259,1.4545748290894007,1.4157675029299077,1.3371402265975498,1.2456764517427505,1.2114557167026447,1.1965641870942436,1.1541233277103007,1.1126355262212952,1.0657867740732654,0.9519261386874307,0.8597475704114281,0.8061082807619674,0.7446658295977044,0.6864995149472899,0.6329793575346964,0.5792507187075853,0.5074139798766585,0.45901650864935495,0.3841121147190975,1.4219325961877858,-0.4828131729635799,-0.38780521406198093,-0.09917758719195115,0.10718923012127102,0.21208516468284822,0.26688599364176424,0.2853514903561815,0.29771145993115444,0.3417606045128048,0.36037501652330617,0.3825038295213902,0.391557879523298,0.3986760306761138,0.40671745666465037,0.4166352153838455,0.41708196127209757,0.41845198199607037,0.41139339696168825,0.40612179548031435,0.39254072047745253,0.3847375589626504,0.36698685566943623,0.3841121147190975
50.8156,6.52532,2.3599500462209697,2.130799188606894,2.1990917433910213,2.0408841328313683,1.9009931036900485,1.6896525154876205,1.5866626967159185,1.5336190682507935,1.4400406961916015,1.3335364764323168,1.3038725494523817,1.2655119691811407,1.1823874509070458,1.0940508972700107,1.0247159354132953,0.9739358194486475,0.9144888332519104,0.848608706264344,0.7788269985193765,0.7105344437352492,0.6501343996435744,0.594350729730504,0.5192974205041625,0.46923209796071813,0.3951914127477479,2.3457137439153386,-0.38315905682415985,-0.47420586884992405,-0.1958236143504742,0.023439267603623314,0.1429884672998672,0.20737944132659344,0.2324865602463577,0.2506244433093902,0.299736707957897,0.3229972772062194,0.3487298403695365,0.36168547112884547,0.3717819282033414,0.38303992458729264,0.39563815863599994,0.3989738612682818,0.402845658966466,0.3981995017286449,0.3953998941622655,0.3843205961336151,0.37869159794163954,0.36296614267516797,0.3951914127477479
55.2486,6.14225,3.3787093697909047,2.5875819678149887,2.589547649723298,2.2905257351866037,2.0791553639249587,1.8288287512077366,1.7074925679584847,1.6436079059384443,1.5156301004838453,1.3615623351553279,1.3045277767551515,1.262623012437111,1.2048438775565147,1.1376532959634091,1.0713562061468076,1.0070843643569483,0.9424551258564876,0.8704694717294768,0.796369220398073,0.725604671698951,0.6624645861593306,0.6071872282529457,0.5304362846512466,0.48379601391773436,0.41332929581078043,3.362060639688712,-0.20323959609545791,-0.5057163455013007,-0.27135345252428456,-0.046967884384896956,0.08428605758355015,0.15939893292832522,0.18855654790157456,0.2114597204392954,0.26471183031893764,0.2923207262129133,0.32115072753477775,0.33714423033420055,0.35024877638959345,0.36424681422149047,0.37958508971814364,0.38527365402855285,0.3916770117601653,0.390068726562458,0.38965176373342275,0.3809253273828997,0.37785767228356903,0.36427659728070727,0.41332929581078043
59.69223,5.68254,4.40294877625673,2.976429588949558,2.9563260239782165,2.5084483794759453,2.2325976850099236,1.965652125249726,1.729412899542051,1.6125739582345364,1.5034190462049564,1.3819339476596204,1.3394335221572438,1.293001732838249,1.2228030622642463,1.149864350242298,1.073679284765718,1.0083352528440541,0.9373622227304146,0.8638278495241298,0.7877023501659837,0.7151210348546367,0.6515044203675473,0.5983416596655555,0.5268623175452303,0.4846299395758048,0.42000070107534415,4.391839695168864,0.0226649080639864,-0.5152171413914606,-0.3343744058270379,-0.11526043916902434,0.022843606419287222,0.10036890956062326,0.13581075002861784,0.1626452863829566,0.2199181092568672,0.24999899906583736,0.28192643854624927,0.30051106749753387,0.31605782440870456,0.332706554510897,0.35027855944881026,0.358439117674214,0.3675825168537723,0.36859514086714357,0.3704714735978021,0.3645148617544417,0.36466377705052566,0.3537333943179593,0.42000070107534415
64.13685,5.16453,4.728298915141077,3.05463990245288,3.155515124020189,2.6679962277003546,2.263214669884796,1.9677965055133357,1.7727770337617152,1.6697574319307964,1.5487488623329293,1.4190138563845391,1.361830382688279,1.3189725604753006,1.2429364102948046,1.1707422747532763,1.089464306150623,1.0221545923206503,0.9491563141802681,0.8718394924534498,0.7951183319109673,0.7221796198890188,0.6587417037572303,0.6071574451937288,0.5361546320208724,0.49749622115746334,0.4357857224602492,4.714836972375083,0.08610282419577504,-0.5233776996168644,-0.35653300188433873,-0.13307070858067208,0.003335702632281771,0.08952787600570732,0.12502928259213544,0.1532338396704471,0.212412778334233,0.24383390580795927,0.2771909321307777,0.29687753427308394,0.3132879999015419,0.33112805237240645,0.3497722474421246,0.35891564662168285,0.36901210369617876,0.3709480025452709,0.3738071762300839,0.3687738392224444,0.3699055954726828,0.36013675204957174,0.4357857224602492
68.579,4.59453,5.179571828394064,3.1341606705617417,3.489413000899758,2.678360732307802,2.269618027616409,1.9806032209765607,1.8048236054789943,1.7014168238782572,1.565189111020604,1.4274126790836772,1.360936890911775,1.3123309382699537,1.2325719056873576,1.1562081418554768,1.070045751541268,0.9994301181382301,0.9265509722347154,0.8495021980408481,0.7726916883207153,0.7011229970227397,0.6428077670762411,0.5999499448632628,0.5394903346531544,0.5114644759301435,0.46518160190723296,5.1661992348057195,0.22590450415944444,-0.5213524515901218,-0.388400875246317,-0.1696145222396883,-0.032791148197699155,0.057123907577826566,0.09566318620436856,0.12619082190159078,0.18724609329603523,0.22075203491493764,0.25580669561311375,0.27731006436764494,0.29559686272676144,0.3152238987506341,0.3358337757286612,0.3468832906980948,0.3590347788585501,0.3630554918528184,0.3682079610973251,0.3656168349454634,0.36925036816991325,0.3629363596159512,0.46518160190723296
73.02401,3.97658,5.642847314511422,3.4059906520334953,3.9063162638165547,2.6217431367366606,2.3957790664587826,2.0610472639211435,1.8741287842764929,1.7541030556327804,1.6102508796156256,1.4669943647828072,1.391613441905081,1.3400589664007962,1.255981390231764,1.1731249194906204,1.0869923122356286,1.010747680640615,0.9348306626969863,0.8575734070886015,0.7791248291115447,0.7104748776168156,0.6548103399406123,0.6189813197027993,0.5615000154143712,0.5398179483045392,0.4984194959931842,5.632601942140842,0.3462876295137587,-0.5182550134315745,-0.4076407315003713,-0.18843741566470731,-0.04893356629320597,0.044376758233035156,0.08485193570866931,0.11820896203148779,0.18131926451189156,0.21679088803910293,0.2539005798232384,0.2773100643676449,0.2970860156876015,0.3183809030276151,0.3405394990849159,0.35298881783753916,0.3667783742549186,0.3723478063284606,0.3789000793561571,0.37794702146121945,0.383278189061027,0.3786915979416395,0.4984194959931842
77.47357,3.32133,5.313059499803772,3.8253659088652867,4.101931396752511,2.7235714161989075,2.414721092120669,2.0636086070137885,1.8674275959527125,1.7435896357292489,1.5922321287894605,1.4474566779365852,1.3672211164065202,1.315428376428501,1.2273300872652004,1.1408400832996068,1.051550471767634,0.9778671832652656,0.9026053926244063,0.8267777238584281,0.7494906851908264,0.6856953723484362,0.6364639754630622,0.6068000484831273,0.558968455380943,0.5444641055423604,0.5097072754363523,5.307609199967097,0.48174098283177497,-0.5089626989559322,-0.42771451341249583,-0.21539108425591322,-0.07600636712127906,0.01879311036580217,0.059387420078303506,0.09354858899997559,0.15755238325688345,0.1941855460935501,0.23206959741732247,0.25652148903431704,0.27731006436764494,0.2998260571355474,0.3229079280285691,0.33672726750516524,0.35152944793591595,0.35849868379264765,0.36659967589961784,0.36725490320238746,0.3744624035328536,0.3719010604402086,0.5097072754363523
81.93114,2.63941,5.9688526806985385,4.257875494811688,3.601873832502403,2.923058346833048,2.5054105074358315,2.129429167882921,1.918684240864829,1.7829628400138615,1.62734635560607,1.4755718858372464,1.387890559502981,1.3281457427140757,1.2359076083196394,1.144860796293875,1.0536055028535933,0.976437596422859,0.900997107426699,0.8249013911277696,0.7498182988422112,0.690550011000775,0.6482282838536991,0.6258016402634471,0.5824970721622167,0.5769574231478914,0.5421112438642329,5.9673337446784815,0.6046556682195174,-0.5029167379349214,-0.44609066094926286,-0.23802620926068294,-0.09408468406587804,-0.0003573967106016395,0.04568721283857453,0.08184384672777231,0.14814093654437394,0.18656108293404874,0.2262023347516124,0.2524412099216151,0.27474872127499994,0.29878365006295926,0.32356315533133867,0.33887164776877504,0.35525233033801623,0.3638298513924552,0.37350934563791593,0.3758919903752601,0.38488647425873435,0.3846779928442167,0.5421112438642329
86.38589,1.94846,6.625598919488242,4.607141430247127,3.472764270797566,2.9582619228273086,2.5112479870423248,2.1246340953490157,1.9077836411914793,1.7643186449441433,1.6020903213902218,1.4422744256328615,1.3508999999557125,1.2853474866195307,1.187629269329203,1.090089750394176,0.9946648286635419,0.9141612196005255,0.8402098835652059,0.7726619052614986,0.7136914480122302,0.6722929957008752,0.6499557012882736,0.6463817341822573,0.6204109065452059,0.6228829004602005,0.5910745932166557,6.6236928036983675,0.7140786277820487,-0.4912715617811517,-0.4566636469712276,-0.25512168525112733,-0.11088232946415451,-0.019895083556823866,0.029991540631319757,0.06713101547467205,0.13461942765994575,0.17426067947750942,0.2151826028413956,0.242672366498504,0.26646903081272894,0.29193354644309477,0.31826177079074786,0.3352678976035419,0.35346534678500807,0.36409789892540645,0.3761600379082113,0.3812529410342845,0.39331508001708937,0.39662099959015434,0.5910745932166557
90.8108,1.27669,6.822375591733655,4.658308725981593,3.819736910673311,2.9360139775923573,2.4955225317758534,2.101611790574428,1.8732055094407722,1.7195547069412898,1.5437750914437234,1.3725820670655444,1.2665543762537288,1.1863188147236639,1.0692713920016312,0.9626778230646964,0.8655850500179213,0.8011345098727614,0.764739611509829,0.7366541866683847,0.7177121610064986,0.709045290774409,0.7084794126492898,0.7139594955451815,0.6965959720217858,0.7017782243255094,0.6585332223427127,6.817640085318184,0.7471080404534823,-0.48930587987284274,-0.4669388024010243,-0.26769013624061794,-0.12330186515756097,-0.030944598526257406,0.020609876978027145,0.05935763701908673,0.12842455134285094,0.1695847391804715,0.21217451386049863,0.2407662507086287,0.26676686140489697,0.29395879446983736,0.3222824837850162,0.34137342474298643,0.3620428678394471,0.37526654613170723,0.3904856893914932,0.3988845120906314,0.41538432689673976,0.42357466818136036,0.6585332223427127
100.0,0.0,6.531603584600015,4.602495273009305,4.214422011414373,2.8761202455073684,2.450073583411013,2.043356126746363,1.80020723130039,1.6390808809374904,1.4516560892861543,1.2646780435230702,1.1357471801735337,1.0501804510436612,0.9374813549672817,0.8529272498507804,0.80012188585939,0.7883575774687532,0.7798694055919647,0.7720662440771625,0.7633398077266395,0.7599445389759241,0.758604301311168,0.7653650557533821,0.7527072555862411,0.7607188985155608,0.718099340776317,6.527672220783397,0.7732277833866178,-0.4858212619444769,-0.470899949276859,-0.27454023986048237,-0.13083697913941184,-0.037258607080219476,0.01551697385195395,0.05551562238011928,0.12565472683568832,0.16806580316041464,0.2120553816236314,0.2418682238996504,0.2695069028528428,0.2982475549970569,0.3285071431613279,0.3493552846130894,0.37219889103237663,0.387507383469813,0.40540700205911107,0.41657564926541185,0.43644094976301895,0.4480861259167886,0.718099340776317
0.0,0.0,6.003281897153161,4.459357890413354,4.432612703236666,2.7678588252542924,2.3466370187510597,1.9307463798476339,1.6724379072603086,1.4915951716958862,1.28367963530339,1.0880942854266504,0.9744123483961165,0.9159779862127505,0.8611771572538345,0.8278201309310163,0.8127499029673142,0.8214167731994036,0.8242163807657831,0.8246929097132518,0.8194510912910947,0.8164430023101977,0.8178130230341707,0.8253779200752384,0.8181108536263386,0.8290710194181218,0.7724236407877642,6.000422723468349,0.7567577516397263,-0.4814133691803902,-0.47170409187571255,-0.2766846201240921,-0.13369615282422487,-0.04366196481183196,0.012896064640875374,0.053728638827111166,0.12491015035526831,0.16830406763414907,0.21351475152525473,0.24544219100566667,0.2739743617353631,0.3040254684851165,0.33589334184709485,0.3587369482663821,0.3834271043571111,0.4007906278805068,0.42098354202949867,0.4349517968021788,0.4574975726292981,0.47209127164553116,0.7724236407877642
0.43123,-0.57176,5.543610161201037,4.291053822779205,4.439760637448699,2.6359198729238584,2.207371433853292,1.7765892653414659,1.5017511948888156,1.306076495834425,1.106649131318718,0.9493647955947857,0.8839314144954713,0.8901262908125662,0.8710055667953792,0.8632917544582276,0.8621897812672058,0.8713927465651976,0.8808637593961407,0.8840207636731218,0.880982891633008,0.8822933462385473,0.8891136667991949,0.8990016424591734,0.8903347722270839,0.9018310330847694,0.8212678579033197,5.537742898535327,0.703326943404783,-0.4860297433589945,-0.46970862690818704,-0.27477850433421674,-0.13158155561983198,-0.041160187837620654,0.016231767273157144,0.05801739935433058,0.1301519687774254,0.17467764230654467,0.22113921468475603,0.25428775959305683,0.2840410357506422,0.3156110785204525,0.3489681048432709,0.37350934563791593,0.40004605140008664,0.4190774262396232,0.4411168900600568,0.45722952509634673,0.4819196811870758,0.49946190306577226,0.8212678579033197
1.47147,-1.09275,4.929215432617625,3.9177529585558064,4.361014228879474,2.448763128805474,2.0050253295343383,1.5706691939164956,1.2959204726414957,1.1208556505651328,0.9765567286597261,0.8819657325871625,0.8584668988651056,0.8883095242003413,0.8844377265021571,0.8819359495279456,0.8818466003502954,0.8954872414715906,0.906566539500241,0.9113318289749294,0.911540310389447,0.9127614158173359,0.9223515608851464,0.9328947638478942,0.921934598056111,0.9342647845718672,0.8398524868546042,4.924003397254685,0.5980736121326042,-0.49383290487379666,-0.4679812094736124,-0.2758506944660217,-0.13444072930464493,-0.044198059877734334,0.012508884871056959,0.054264733893013624,0.12681626614514366,0.17181846862173172,0.21878635300662871,0.25217316238866394,0.28329645927022223,0.31596847523105415,0.35036790862646067,0.3761302548489946,0.4037987168614038,0.424080980188046,0.4475202477916694,0.4650624696703658,0.49106308036663415,0.5103029366206883,0.8398524868546042
3.92479,-1.77203,1.8962873803337938,1.4448059856662898,1.6679108822593547,1.6649027932784577,1.6479860156433142,1.5279602869996014,1.4985346244934008,1.4914760394590187,1.4363475968487178,1.3683826557159755,1.3458964460072897,1.3396122205125445,1.292376288594696,1.2569642311859184,1.2134809647293874,1.1884631949872735,1.160526685441913,1.1303862295145093,1.0926808765460378,1.0595621146969538,1.0283792516969619,1.0075608933044171,0.9651498169796909,0.950526334904241,0.8440518982041733,1.8875907270424874,-0.16556402618620322,-0.5317467392567858,-0.3899495943255907,-0.192845308428794,-0.06510576744792956,0.019269639313270998,0.06477815379654471,0.10072630627122489,0.16842319987101623,0.2096131707678536,0.2533942678165528,0.28377298821769104,0.31224559282895387,0.34253496405244166,0.3746708849473712,0.39816971866942813,0.42339596982605954,0.44108710700084003,0.46163741786043355,0.47599285240293215,0.498598194348485,0.5142045173780894,0.8440518982041733
7.79506,-2.3727,1.7841541623825334,1.2428470611171543,1.4334884231639051,1.4547833105039185,1.478341710344409,1.3799682657513115,1.3761858172307777,1.3957235040769997,1.3605497111419567,1.3158751223167533,1.3069402045517127,1.3200447506071056,1.2950865469834254,1.269830512767577,1.2365032695039755,1.216221006177333,1.193824145646298,1.1651728426797343,1.1325901758965526,1.1071554433254036,1.0820483244056394,1.0626595528555012,1.023822443636791,1.0068460998832138,0.8836038008440866,1.7746533664923738,-0.22554710744884274,-0.5426175558709185,-0.39191527623389966,-0.1933516204354796,-0.0649866352110623,0.020967273688628784,0.06611839146130086,0.1030196018309187,0.17175890250329812,0.21390193129507315,0.2587552184755772,0.29023591206773713,0.32016788658062323,0.3517677124096504,0.38539278626542,0.41047012212596745,0.4373940076579566,0.4567827792080948,0.47917963973913,0.49529227477542,0.5201611292214497,0.5391329379425528,0.8836038008440866
12.0143,-2.76684,1.6950134661466447,1.1000968582910216,1.2036525551878425,1.2294744675288098,1.2692646346424576,1.1779497750837424,1.1821789694925282,1.2137787953215553,1.19576004449539,1.1690446403779184,1.1800345892289184,1.2155955619337802,1.2033249415364577,1.1919478129156393,1.1815535252489755,1.179051748274764,1.1746140724514604,1.160407553205046,1.1402444221152708,1.1228511155326584,1.1092998235890132,1.09685050483639,1.0611108337762274,1.0457129921611408,0.9218452488784605,1.6840235172956448,-0.27045996074778045,-0.5378522663962304,-0.3762791701450786,-0.17893661977454745,-0.05217991974783742,0.033088978789867156,0.07788269985193759,0.11493282551763948,0.18355299395315167,0.22602363639631157,0.27150236782036846,0.30420416684041723,0.3344935380639051,0.36698685566943623,0.40201173330839557,0.42845908989291587,0.45684234532652834,0.47792875125202433,0.501755198625466,0.5197143833331977,0.5469658825165716,0.5686181665671869,0.9218452488784605
16.32276,-3.02746,1.7627997089240863,1.2060947660436205,1.4129083292450948,1.4389685060597965,1.4632416993214903,1.3582266325230459,1.3530443802193224,1.3741010030856013,1.3397909188678454,1.2924954208315635,1.2828457096453196,1.2968735305364334,1.2700092111228778,1.2473740861181084,1.2214330415402737,1.2047545283788643,1.1874803540331191,1.1615690925145012,1.1297905683301734,1.1025688522060162,1.0797252457867288,1.0601875589405068,1.016763858602409,0.999757731789615,0.8806850610408401,1.7528521671456745,-0.23087827504865033,-0.5339209025796123,-0.3842908130743982,-0.18802045283567204,-0.06212746152624927,0.023945579610309,0.06784580889587533,0.10385352748898916,0.17205673309546612,0.21378279905820596,0.258189340350458,0.2897296000610515,0.31864895056056636,0.34989137967899187,0.383278189061027,0.4080279112701896,0.434624183150794,0.4537746902271978,0.4759928524029322,0.49195657214313815,0.5165275959969999,0.5360950659024389,0.8806850610408401
20.67013,-3.19868,1.9294657083013114,1.4178225340158668,1.697247195587905,1.7009105118715715,1.6787221327550539,1.5614960116777206,1.5329042748295907,1.5278411547627342,1.4671432800788915,1.3993570373014497,1.3706759512756692,1.361502769036894,1.3077443471505663,1.2640525992795175,1.223011543678764,1.1910841041983522,1.1650239273836502,1.1341091119166096,1.0941998125660946,1.058043178676897,1.0258774747227506,1.0026764715928616,0.953832254477306,0.936081551184092,0.8355935093866015,1.9214838484312082,-0.15534843687484007,-0.5338315534019619,-0.39563815863599994,-0.2007378191212466,-0.07234305083761243,0.012538667930273735,0.05810674853198108,0.09420381630274523,0.1620496251986206,0.2033289452731084,0.24711004232180758,0.27725049824921133,0.30593158427499184,0.336012474083962,0.36799947968280755,0.39126004893113003,0.41624803561402707,0.4338200405519403,0.4542810022338834,0.4682194739473468,0.4903780700046476,0.505835477738168,0.8355935093866015
25.03792,-3.30615,2.2538925723499372,1.8502129877254008,2.1888761540796584,2.0664379976393845,1.9698515365992952,1.8074147316308562,1.731974242634696,1.6735100973921138,1.5732603200683575,1.4603527425774605,1.3941450019385093,1.3508999999557125,1.2813565566844796,1.2197354071649158,1.1616882247513685,1.1207067352690487,1.0865455663473766,1.0477680232471,1.0076800255412846,0.9700044556320296,0.938940724868905,0.9162460337457017,0.8751751950857316,0.8658828806100893,0.7802565853617831,2.245225702117848,-0.03237418536866397,-0.5332954583360595,-0.4193454737725745,-0.22426643590252024,-0.09185095462461788,-0.006730971382997262,0.04083257418623579,0.07776356761507049,0.1459667732215474,0.1873354424736856,0.2310271903447344,0.26104851403527096,0.2892828541727994,0.31847025220526554,0.34989137967899187,0.371990409617859,0.395935989228168,0.412346454856626,0.43119913134086174,0.44367823315270183,0.463990279538561,0.4764395982911842,0.7802565853617831
29.41554,-3.36298,5.477819383391121,4.2121584989138965,4.415338528890921,2.6122721239057176,2.1863743771054467,1.7577961549756638,1.4851322478458397,1.28805774500826,1.0897025706243575,0.939238555461073,0.8753241103818155,0.8829187904821003,0.8658828806100893,0.8545653181077045,0.8539696569233685,0.8651383041296693,0.8747880153159132,0.8783619824219294,0.8760984699214525,0.8763665174544036,0.8831570549558346,0.8923004541353928,0.8788682944286151,0.8932237289711136,0.8115883636578589,5.472637131087398,0.6935283169224552,-0.4849277701679727,-0.4677727280590947,-0.274599805978916,-0.1320580845673008,-0.04107083865997016,0.014325651483281847,0.05566453767620324,0.12747149344791328,0.1716695533256477,0.21789286123012466,0.2507733586054743,0.2805862008814932,0.31159036552618424,0.3449473918490027,0.36936950040678046,0.39557859251756633,0.41446105206101896,0.43653029894066936,0.45252380174009205,0.47688634417943626,0.4942200846436151,0.8115883636578589
33.79772,-3.37697,6.040183107522779,4.465284719197498,4.448159460147837,2.785341481014555,2.362153992603013,1.9470079301800078,1.688342060882081,1.501840544066466,1.29615873711523,1.105725856482997,0.9876658097475933,0.929171881445794,0.8668359385050269,0.8303814740236611,0.8142688389873711,0.823918550173615,0.8244844282987343,0.8254374861936719,0.818974562343626,0.8160856055995961,0.8194510912910947,0.8256161845489727,0.8142688389873711,0.8290114532996883,0.7738830106893875,6.033749966731951,0.7662883305891027,-0.479775300923466,-0.4688449181908997,-0.2751061179856016,-0.1311645927907967,-0.0423217271470759,0.015308492437436271,0.05634954803818965,0.12767997486243088,0.17119302437817885,0.21652284050615173,0.24845027998656366,0.27725049824921133,0.30718247276209754,0.3391396953017262,0.36198330172101345,0.38673302393017606,0.40412633051278857,0.4244085938394308,0.43834706555289427,0.4607737091431463,0.4757545879291978,0.7738830106893875
38.18675,-3.35304,6.437042371586668,4.542512191746666,4.229938985266327,2.8526214117853113,2.4305358965647907,2.026022386282184,1.7851072202774714,1.6190368820845824,1.431254693722645,1.2469869063482897,1.1216002270455527,1.0358250165011624,0.9245852903264064,0.8465238921191679,0.7967564001678914,0.7871662551000812,0.7807628973684686,0.7741510582223387,0.765513971049466,0.7614039088775473,0.7598254067390569,0.7661691983522356,0.7517541976913035,0.7629824110160378,0.7207798161058291,6.434451245434807,0.7709940539453576,-0.47989443316033314,-0.46553899861783454,-0.2709067066360325,-0.12720344591496205,-0.03859884474497563,0.017244391286528427,0.0570941245186098,0.12699496450044442,0.1691379932922195,0.2130084395185691,0.2433275938012737,0.2707280082807317,0.29899213147747694,0.3291028043456639,0.35018921027115985,0.3728243352759295,0.38825195995023304,0.4061813615987479,0.4175287071603495,0.43757270601325743,0.44942636358154464,0.7207798161058291
42.57527,-3.29378,6.786010476429939,4.644638301801081,3.852289794397276,2.930593460814899,2.4877789363794847,2.0993780611331676,1.8684402199660837,1.7143128885191325,1.537044120060726,1.366506322985317,1.2554155121066448,1.1747034216291108,1.0583707923282817,0.9513900436215283,0.8564118677791462,0.7977094580628292,0.7641737333847098,0.7410322963732546,0.7239666034420269,0.7186056527830026,0.7177121610064985,0.7190821817304714,0.7026419330427967,0.7130362207094606,0.6666342144496827,6.781334536132901,0.7526179064085906,-0.48385558003616796,-0.4607737091431463,-0.26250788393689434,-0.11850679262365578,-0.030021323690536617,0.024571023853861784,0.06340813307257179,0.13244526433711923,0.1736650182931734,0.21619522685476691,0.24508479429506497,0.2714428017019349,0.29821777193784005,0.32666059348988613,0.34601958198080757,0.3668379403733522,0.3802998831393468,0.39557859251756633,0.4044539441641734,0.42137072179931695,0.42965041226158796,0.6666342144496827
46.96278,-3.20029,6.636082556332557,4.623194499164983,3.4721686096132296,2.9503098460164225,2.503444825527523,2.121566440249685,1.9051925150396178,1.7576770227387963,1.5933043189212655,1.4370028241514876,1.3455986154151218,1.2802248004342411,1.1811067793607235,1.0839842232547316,0.9891847457676503,0.9075195973951788,0.8341341394849782,0.7687603245040975,0.7121725119921734,0.6744671590237018,0.6557931808947668,0.651266155893813,0.6258909894410974,0.6332771881268644,0.5991458022644092,6.635754942681172,0.7188141341975203,-0.48418319368755264,-0.4488902685156422,-0.24830136469047956,-0.10447897173254195,-0.018405930595983673,0.03505466069817618,0.07219413554152847,0.139414500193851,0.17893661977454745,0.21991810925686722,0.24681221172963957,0.2714725847611517,0.2963414392071816,0.32275901273248503,0.3400331870782303,0.3582604193189133,0.368833405340878,0.3809848935013333,0.38655432557487535,0.398795162912981,0.40239891307821407,0.5991458022644092
51.35062,-3.07206,5.8766443293633195,4.392465139412417,3.529381866368707,2.906111786138688,2.4819712398322085,2.113286749787414,1.9007548392163143,1.764527126358661,1.6091191233653872,1.4597272983339076,1.371152480223138,1.3131350808688074,1.2218500043693088,1.1306244939882437,1.0399648617322979,0.9642265421439701,0.8878032121936557,0.8140603575728534,0.7410025133140379,0.6838786057362113,0.6423014550695555,0.6183260924000297,0.5775233012730108,0.5763617619635554,0.5439875765948915,5.871432294000379,0.6222276731574308,-0.4967814277362601,-0.44147428677065853,-0.23635835794454202,-0.09375707041449326,-0.005718347369626063,0.043989578463216744,0.07969946646416257,0.14563915957016255,0.1837019092492357,0.2233431610667994,0.24886724281559888,0.27209802900470453,0.29547773048989423,0.32019766963984003,0.335714643491794,0.35200597688338475,0.3606132809970406,0.37038212442015167,0.3732412981049647,0.382533612580607,0.38238469728452296,0.5439875765948915
55.73662,-2.9106,5.402706508046346,3.823370443897761,4.089392728822237,2.7630041866019535,2.434914006269661,2.0849034943538016,1.8858335265486963,1.759672487706322,1.6070938753386448,1.4633012654399238,1.3813085034160675,1.3281755257732923,1.2369797984514443,1.1487325939920596,1.0612597490723117,0.9849853344180812,0.9111531306196285,0.8326449865241381,0.7559536090408725,0.6907584924152926,0.6426886348393739,0.608199852266317,0.5611724017629864,0.5511057277477073,0.5176295691880216,5.396362716433167,0.4992832047104715,-0.5096179262587018,-0.4297695444984552,-0.21705893557205416,-0.07603615018049592,0.014861746549184306,0.05923850478221954,0.09378685347371003,0.15835652585573715,0.1951981701069214,0.23364809955581303,0.2580999911728076,0.27972249216420597,0.30200022045837394,0.32546927112121404,0.3393779597754607,0.3544481877391626,0.3615961219511951,0.3697268971173821,0.37070973807153657,0.37803637063886986,0.37586220731604336,0.5176295691880216
60.12075,-2.71424,5.605320659898251,3.4200780390430428,3.903278391776441,2.6143867211101104,2.374990491125455,2.0443389677005177,1.854978277200089,1.7376925900043223,1.5935128003357828,1.450792380568867,1.3758284205201758,1.3251972198516122,1.2405537655574603,1.1585312204743874,1.0746919087790894,0.9969581242232356,0.9236024493722519,0.8465834582376015,0.770189911346504,0.7012421292596069,0.6469476123073766,0.6051917632854199,0.551135510806924,0.5349335265929837,0.4941009524067479,5.601389296081633,0.34932550155387254,-0.5144725649110405,-0.40752159926350395,-0.19049244675066665,-0.050839682083081275,0.03788405132377235,0.0800568631747642,0.11305649278698095,0.17586896467521676,0.21104275761026012,0.24806310021674519,0.2707280082807316,0.29118896996267474,0.31221580976973706,0.33437440582703787,0.3469726398757452,0.360553714878607,0.3662422791890162,0.37282433527592945,0.37219889103237663,0.3777683231059186,0.3732412981049647,0.4941009524067479
64.50502,-2.48323,5.248370695184877,3.1889912825798747,3.5378998213047117,2.6423827967739046,2.2978225846947202,2.0034766104550648,1.8249867365687693,1.7180357709212328,1.5810634815831597,1.4430190021132816,1.3736244741381327,1.3273416001152218,1.2446340446701623,1.1669598262327425,1.0817802768726883,1.0079182900150188,0.9349200118746366,0.8573351426148671,0.7798991886511815,0.707705053109653,0.6503130979988753,0.6011412672319348,0.5411879690285122,0.5189102407343441,0.4718530071717967,5.2443797652498265,0.23510746945743632,-0.5245690219855365,-0.39134939810878044,-0.1705080140161924,-0.033654856914986396,0.053341459057292664,0.0955142709082846,0.12684604920436043,0.1882587173094065,0.22215183869812735,0.25774259446220593,0.2792459632167371,0.2980390735825393,0.3178745910209295,0.33878229859112463,0.35018921027115985,0.36234069843161515,0.36654010978118423,0.3715734467888238,0.36925036816991325,0.3732115150457479,0.3670166387286531,0.4718530071717967
68.8901,-2.21935,4.85186882783159,3.0704249238377854,3.2276794765025008,2.698940826226612,2.2385542968532843,1.9310739934990186,1.7684882732344955,1.673003785385428,1.5453535935822138,1.411210694869737,1.3470282022575282,1.3083400083349022,1.230397742364531,1.1557613959672248,1.0742451628908372,1.0054165130408075,0.9350987102299376,0.8590923431086586,0.7819244366779241,0.7105940098536828,0.6490919925709864,0.5952740045662248,0.527368629551916,0.49666229549939295,0.44064036111258803,4.8482650776663565,0.1430778164775176,-0.5167658604707343,-0.3621322170170975,-0.14426913884618967,-0.008071209047753325,0.07332589179176693,0.11320540808306508,0.14185671104962874,0.20115478195028183,0.23278439083852573,0.266617946108813,0.2855004056522656,0.3032808920046965,0.32135920894929537,0.340688414381,0.35024877638959345,0.36097067770764224,0.36362136997793765,0.3669868556694363,0.36290657655673436,0.36478290928739293,0.3564138696474715,0.44064036111258803
73.28011,-1.92575,4.497986518217546,3.036323321034547,3.0128840534309234,2.5530336191234984,2.274323750972663,1.9959414964732136,1.7473423011905662,1.6439057365306122,1.529628138315742,1.4062071409213142,1.3495299792317397,1.314117921822962,1.2400176704915582,1.1715762004113468,1.090536496282428,1.0240309250513087,0.9528791965823684,0.8764260835728372,0.7986625159577667,0.7267959940676231,0.6627921998107154,0.6040302239759647,0.531419125605401,0.49287984697885895,0.4280123440046638,4.493102096505991,0.03639489836293224,-0.5194165527410298,-0.33922904447937674,-0.11701763966281575,0.021771416287482387,0.09688429163225744,0.13682337404198913,0.1643429207583143,0.22227097093499454,0.25267947439534955,0.2852025750600975,0.30313197670861236,0.3196317915147208,0.33666770138673163,0.3547460183313305,0.3633533224449864,0.3725265046837614,0.3737178270524335,0.37556437672387527,0.3698162462950324,0.3699055954726828,0.3592730433322845,0.4280123440046638
77.67783,-1.61034,3.4064969640401808,2.6792840071435227,2.5972614620604495,2.296124950319363,2.0792447131026095,1.825344133279371,1.7055268860501758,1.6420294037999539,1.5038062259747746,1.3578096696940105,1.2908275695154225,1.2603594999366339,1.1991553132461055,1.1347047731009456,1.0680205035145256,1.0020212442900922,0.9353369747036719,0.8637682834056963,0.7905317407915798,0.7195289276187236,0.6567462387897045,0.596316411638813,0.5201611292214497,0.4774224392453387,0.4083257418623577,3.400838182788988,-0.19793821155486713,-0.5119707879368292,-0.2810031637105284,-0.05566453767620324,0.07567875346989437,0.14593699016233064,0.17911531812984827,0.20204827372678594,0.2558662617315474,0.2829092795004038,0.3119179791775691,0.3273456038518726,0.3409266788547344,0.35534167951566664,0.37067995501231976,0.3767259160333306,0.3831888398833767,0.3816996869225366,0.3812231579750677,0.3728541183351463,0.36996516159111653,0.3569797477725908,0.4083257418623577
82.07965,-1.28273,1.4757208011333305,1.8001476651819566,1.8417843819670456,1.806253192321401,1.7378415053004062,1.5643849684217503,1.48075413814097,1.4389685060597965,1.3581968494638292,1.2616401714829564,1.2197651902241327,1.2170251487761867,1.1722314277141164,1.1297905683301734,1.079695462727512,0.9657752612232436,0.8744901847237452,0.8187958639883252,0.757829941771531,0.6978468605088914,0.6430758146091924,0.583062950287336,0.511851655699962,0.466224008979821,0.39134939810878044,1.467798507381661,-0.48489798710875603,-0.3971570946560569,-0.10391309360742271,0.10587877551573173,0.21122145596556094,0.26283549758827907,0.28740652144214085,0.3000643216092818,0.34476869349370187,0.36362136997793765,0.386286278041924,0.39501271439244706,0.4024584791966476,0.4112444816656043,0.4211324573255826,0.4219365999244363,0.4232768375891924,0.41618846949559346,0.41079773577735224,0.39742514218900804,0.38947306537812193,0.3720499757362926,0.39134939810878044
86.47978,-0.94874,0.1452817628595609,1.0023488579414768,1.1757756117609157,1.3499767251199917,1.4146059636204522,1.3169770955077749,1.2807311124409266,1.2747745005975661,1.2094900347943358,1.1282418492508994,1.107244792503054,1.1086743793454605,1.066918530323504,1.025937040841184,0.9868914502079565,0.9712851271783521,0.9645243727361381,0.9210113232203901,0.7283744962061137,0.6465008664191245,0.608348767562401,0.5589982384401598,0.49797275010493214,0.4585697627611029,0.3878945632396314,0.1266971339082764,-0.5265049208346287,-0.16776797256824663,0.12324229903912734,0.28725760614605683,0.35754562589770994,0.396829481004672,0.4053772189998942,0.40612179548031424,0.440640361112588,0.4510048657200352,0.46550921555861774,0.4671770668747587,0.46836838924343077,0.47110843069137665,0.47533762510016253,0.4705425525662573,0.4667005379272899,0.4541023038785826,0.4435591009158346,0.4250638211422005,0.413388861929214,0.3926300696551029,0.3878945632396314
100.0,0.0,-0.48215794566081027,0.3707097380715365,0.6170454208537073,0.9434081837514253,1.1142438114190025,1.0807676528593169,1.0877666717752654,1.1127248753989456,1.079695462727512,1.0148577428125336,1.005029333270989,1.018133879326382,0.9837344459309755,0.9509730807924931,0.9096639776587885,0.8882499580819078,0.864870256596718,0.8505446051134361,0.8352361126759998,0.7543155407839484,0.5854455950246801,0.5310915119540162,0.48099640635135493,0.4533875104573793,0.4097553287047641,-0.500563876256794,-0.30071954891205144,0.18551867586146065,0.3928981171880542,0.48775716079356907,0.5222757264258426,0.5365120287314741,0.5276962432033008,0.5158723686942303,0.5376140019224959,0.5378522663962303,0.5438684443580244,0.5388648904096015,0.5322828343226883,0.5285897349798048,0.525849693531859,0.5144725649110405,0.5042271925404607,0.48617865865507853,0.46997667444113816,0.44766916308775334,0.43468374926922754,0.41699261209444705,0.4097553287047641
,,-0.4944285660581328,-0.03612685082998109,0.13694250627885632,0.5298704065261273,0.7868684245079132,0.8081633118479268,0.8555481590618589,0.9157397217390162,0.8932237289711136,0.8556375082395092,0.8558757727132438,0.8853610013378779,0.8646617751822003,0.8369039639921407,0.8030406256626367,0.7833540235203305,0.756489704106775,0.7314123682462275,0.7095516027810946,0.6955833480084145,0.6944218086989591,0.519833515570065,0.41559280831125733,0.3937618259053413,0.3937618259053413,-0.5144725649110407,0.33416592441252024,0.6708038427400351,0.7207202499873955,0.7193800123226394,0.7062159001488129,0.6873334406053603,0.6532914039205554,0.6252357621383278,0.6344685104955364,0.6240146567104389,0.6207683032558075,0.6076935402596313,0.594648560322672,0.584849933840344,0.5764808942004227,0.5601895608088319,0.5459830415624173,0.5251646831698725,0.5086350853045474,0.48888891704380744,0.4798646501011164,0.46610487674295387,0.3937618259053413
,,-0.12562494377647154,-0.258487170942626,-0.18641216763796475,0.25723628245552027,0.5586408417295582,0.6325326116464444,0.7119342475184389,0.7868982075671299,0.7947907182595826,0.7640843842070594,0.7895191167782085,0.8265096763254768,0.8152814630007424,0.7961607389835554,0.7674200868393413,0.7499076480198617,0.7241750848565446,0.6941239781067913,0.6656215904363115,0.6446840998068996,0.6380126945423359,0.6457562899387045,0.5135790731345365,0.4008204109397235,0.44427389433703784,-0.15013640151189978,1.2928826006013818,1.2715281471429345,1.0980120441458452,0.9819176793187505,0.9121061885145663,0.8586158141611895,0.8036958529654062,0.7585745182519511,0.7536603134811787,0.7317995480160459,0.7193502292634225,0.6982638233379267,0.6776539463598995,0.6619880572118616,0.6484963313866502,0.62866081394826,0.6127268772672708,0.5919978680523765,0.5762426297266883,0.5543818642615554,0.5231394351431299,0.451779225259672,0.44427389433703784
,,1.1630284624161245,-0.2921718109168293,-0.5218289805375906,-0.18739500859211924,0.1656831584230704,0.29526924907537666,0.4316458772291138,0.5113453436932763,0.5456852109702492,0.5489315644248807,0.5851179813732953,0.6445351845108156,0.6546316415853116,0.6565377573751868,0.648526114445867,0.6405442545757641,0.6267546981583847,0.5989671039091083,0.5680225053828508,0.5401753450151409,0.5218885466560242,0.5139066867859213,0.4941009524067479,0.5027380395796206,0.4585697627611029,1.1507280589595852,2.875554367382249,2.9284788636105064,2.039156715396794,1.4009951055583736,1.2453488380913655,1.1320540808306503,1.0334423717638184,0.9572275232280214,0.9250022531554415,0.8804170135078888,0.8491448013302465,0.8106353057629213,0.774984983880409,0.7445764804200541,0.7185758697237857,0.6855464570523522,0.6558229639539837,0.619338716413401,0.5863093037419674,0.5466084858059701,0.5147703955032086,0.47539719121859614,0.4585697627611029
,,0.5460723907400676,-0.33163436437909216,-0.405853747947363,0.010245372370579937,0.3535844790218753,0.4602673971364606,0.5439280104764579,0.6468582631297262,0.6649067970151082,0.6529340072099538,0.6921880792576991,0.7353437320628453,0.7318591141344796,0.7263492481793712,0.7066924290962816,0.6937665813961896,0.6772667665900811,0.644475618392382,0.6135012368069078,0.5847308016034768,0.5721921336732032,0.5684692512711029,0.557151688768718,0.49261179944590777,0.43039498874200804,0.5332656752768427,2.4649055469009804,1.856080250391111,1.4710448608362925,1.2423705321696854,1.0953613518755498,0.9772715220809294,0.8859268794629971,0.8289518871812546,0.8154005952376095,0.7857366682576746,0.7661691983522356,0.7371604986750703,0.7109811896235012,0.6876908373159619,0.6685998963579918,0.641467529411485,0.6165986749654552,0.5841351404191408,0.5534883724850514,0.5158425856350134,0.48465972263502155,0.4435591009158346,0.43039498874200804
